<configuration status="INFO">

    <Appenders>
        <!-- 콜솔 -->
        <Console name="console" target="SYSTEM_OUT">
            <PatternLayout charset="UTF-8" pattern="%d{hh:mm:ss} %5p [%c] %m%n"/>
        </Console>
    </Appenders>

    <loggers>
        <logger name="org.springframework" level="INFO" additivity="false">
            <appender-ref ref="console" />
        </logger>

        <logger name="org.example" level="INFO" additivity="false">
            <appender-ref ref="console" />
        </logger>

        <logger name="org.example.springboard.mapper" level="TRACE" additivity="false">
            <appender-ref ref="console" />
        </logger>

        <root level="INFO" additivity="false">
            <AppenderRef ref="console"/>
        </root>

    </loggers>

</configuration>