<?xml version="1.0" encoding="UTF-8"?>
<!DOCTYPE mapper
        PUBLIC "-//mybatis.org//DTD Mapper 3.0//EN"
        "http://mybatis.org/dtd/mybatis-3-mapper.dtd">
<mapper namespace="org.example.springsecurity.mapper.MemberMapper">
    <resultMap id="memberMap" type="org.example.springsecurity.dto.MemberDTO">
        <id property="userid" column="userid" />
        <result property="userid" column="userid" />
        <result property="userpw" column="userpw" />
        <result property="username" column="username" />
        <result property="regdate" column="regdate" />
        <result property="updatedate" column="updatedate" />
        <collection property="authList" resultMap="authMap" />
    </resultMap>
    <resultMap id="authMap" type="org.example.springsecurity.dto.AuthDTO">
        <result property="userid" column="userid" />
        <result property="auth" column="auth" />
    </resultMap>

    <select id="read" resultMap="memberMap">
        select mem.userid, userpw, username, regdate, updatedate, auth
        from tbl_member mem join tbl_member_auth auth
            on mem.userid = auth.userid
        where mem.userid = #{userid}
    </select>

</mapper>


